{
    "LambdaFunctionConfigurations": [
        {
            "Id": "data_enrichment",
            "LambdaFunctionArn": "arn:aws:lambda:us-east-1:590183975694:function:fnma_mfdata_sec8_enrich",
            "Events": [
                "s3:ObjectCreated:*"
            ],
            "Filter": {
                "Key": {
                    "FilterRules": [
                        {
                            "Name": "Prefix",
                            "Value": "land/"
                        },
                        {
                            "Name": "Suffix",
                            "Value": ""
                        }
                    ]
                }
            }
        }
    ]
}